{"ETHBTC": 0.0002489166666666655, "LTCBTC": 1.1796875000000012e-05, "BNBBTC": 3.4390624999999963e-05, "NEOBTC": 1.7187500000000056e-06, "GASBTC": 6.411458333333326e-07, "WTCBTC": 2.3010416666666684e-07, "LRCBTC": 3.332291666666665e-07, "QTUMBTC": 7.296874999999991e-07, "YOYOBTC": 7.656250000000003e-09, "OMGBTC": 6.406249999999994e-07, "ZRXBTC": 5.385416666666686e-08, "KNCBTC": 9.718750000000002e-08, "SNMBTC": 3.3906250000000006e-08, "IOTABTC": 1.0281249999999988e-07, "LINKBTC": 2.120833333333333e-06, "XVGBTC": 9.53125000000001e-09, "MDABTC": 1.1192708333333329e-07, "MTLBTC": 2.1890625000000026e-07, "EOSBTC": 4.947916666666669e-07, "SNTBTC": 2.083333333333334e-08, "ETCBTC": 2.755208333333335e-06, "MTHBTC": 6.1458333333333255e-09, "DNTBTC": 1.8177083333333327e-08, "ZECBTC": 2.1239583333333363e-05, "BNTBTC": 2.0968749999999998e-07, "ASTBTC": 1.0723958333333336e-07, "DASHBTC": 1.1161458333333328e-05, "OAXBTC": 1.5572916666666668e-08, "BTGBTC": 4.453124999999997e-06, "EVXBTC": 3.8437499999999956e-08, "REQBTC": 1.0401041666666667e-07, "VIBBTC": 3.5937500000000036e-09, "TRXBTC": 1.3645833333333362e-08, "POWRBTC": 6.026041666666676e-08, "ARKBTC": 1.255729166666669e-07, "XRPBTC": 6.921875000000012e-08, "ENJBTC": 3.2661458333333313e-07, "STORJBTC": 1.7218750000000028e-07, "KMDBTC": 9.562500000000018e-08, "NULSBTC": 3.2281249999999977e-07, "RDNBTC": 3.36458333333334e-08, "XMRBTC": 1.842708333333333e-05, "AMBBTC": 8.645833333333326e-09, "BATBTC": 1.677604166666665e-07, "GXSBTC": 4.313020833333332e-07, "QSPBTC": 1.2499999999999986e-08, "BTSBTC": 3.750000000000003e-09, "LSKBTC": 4.583854166666668e-07, "MANABTC": 4.598437500000004e-07, "BCDBTC": 1.5104166666666677e-07, "ADXBTC": 7.999999999999991e-08, "ADABTC": 1.2927083333333324e-07, "XLMBTC": 2.864583333333329e-08, "CNDBTC": 8.750000000000009e-09, "WABIBTC": 1.8489583333333354e-08, "WAVESBTC": 1.8015624999999991e-06, "GTOBTC": 9.583333333333317e-09, "ICXBTC": 1.0994791666666666e-07, "ELFBTC": 6.239583333333342e-08, "AIONBTC": 1.7291666666666648e-08, "NEBLBTC": 6.067708333333333e-08, "BRDBTC": 2.281249999999999e-07, "NAVBTC": 2.0208333333333364e-08, "APPCBTC": 6.197916666666665e-09, "RLCBTC": 4.198958333333331e-07, "PIVXBTC": 6.85937499999999e-08, "IOSTBTC": 1.0260416666666677e-08, "STEEMBTC": 3.73958333333332e-08, "NANOBTC": 6.182291666666665e-07, "BLZBTC": 3.0781250000000016e-08, "ZILBTC": 1.2500000000000014e-08, "ONTBTC": 5.260416666666671e-08, "XEMBTC": 1.6041666666666607e-08, "WANBTC": 7.171874999999998e-08, "QLCBTC": 1.078125e-08, "SYSBTC": 2.3744791666666685e-07, "GRSBTC": 5.942708333333328e-08, "LOOMBTC": 1.0677083333333347e-08, "REPBTC": 1.5072916666666651e-06, "ZENBTC": 6.583333333333325e-06, "CVCBTC": 2.604166666666661e-08, "THETABTC": 4.4635416666666686e-07, "IOTXBTC": 2.02604166666667e-08, "QKCBTC": 9.791666666666657e-09, "NXSBTC": 8.364583333333332e-08, "DATABTC": 2.015625000000001e-08, "SCBTC": 7.552083333333326e-09, "NASBTC": 1.213541666666668e-07, "ARDRBTC": 1.9479166666666686e-08, "VETBTC": 1.687500000000001e-08, "DOCKBTC": 7.70833333333334e-09, "POLYBTC": 8.536458333333336e-08, "GOBTC": 6.61458333333334e-09, "RVNBTC": 1.3802083333333327e-08, "DCRBTC": 8.95312499999999e-06, "MITHBTC": 1.4687500000000007e-08, "RENBTC": 5.328124999999991e-08, "ONGBTC": 7.494791666666662e-08, "FETBTC": 8.296875000000001e-08, "CELRBTC": 1.3281250000000013e-08, "MATICBTC": 2.9526041666666685e-07, "ATOMBTC": 2.873437500000001e-06, "PHBBTC": 4.1510416666666664e-08, "TFUELBTC": 2.906249999999996e-08, "ONEBTC": 2.8125e-08, "FTMBTC": 1.8249999999999992e-07, "ALGOBTC": 1.5041666666666675e-07, "DOGEBTC": 2.0468749999999953e-08, "DUSKBTC": 3.038541666666667e-07, "ANKRBTC": 1.6874999999999974e-08, "COSBTC": 1.0468749999999999e-08, "TOMOBTC": 1.6213541666666677e-07, "PERLBTC": 6.562499999999999e-09, "CHZBTC": 2.859375000000003e-08, "BANDBTC": 4.0276041666666614e-07, "BEAMBTC": 9.197916666666654e-08, "XTZBTC": 6.729687499999996e-07, "HBARBTC": 3.171875000000006e-08, "NKNBTC": 4.9895833333333374e-08, "STXBTC": 2.3557291666666694e-07, "KAVABTC": 2.1250000000000008e-07, "ARPABTC": 1.0208333333333306e-08, "CTXCBTC": 9.572916666666659e-08, "BCHBTC": 3.6406249999999974e-05, "VITEBTC": 9.58333333333335e-09, "FTTBTC": 2.1119791666666665e-06, "OGNBTC": 4.661458333333324e-08, "DREPBTC": 1.1390625000000009e-07, "TCTBTC": 4.062500000000002e-09, "WRXBTC": 1.0296875000000022e-07, "LTOBTC": 6.098958333333334e-08, "COTIBTC": 6.567708333333328e-08, "STPTBTC": 7.083333333333347e-09, "SOLBTC": 1.9795833333333328e-05, "CTSIBTC": 6.72395833333335e-08, "HIVEBTC": 2.106770833333333e-07, "CHRBTC": 9.375000000000004e-08, "MDTBTC": 2.8437500000000016e-08, "STMXBTC": 5.20833333333333e-09, "PNTBTC": 1.5463541666666674e-07, "DGBBTC": 1.1250000000000011e-08, "COMPBTC": 2.135416666666666e-05, "SXPBTC": 1.0984375000000005e-07, "SNXBTC": 5.817708333333331e-07, "IRISBTC": 1.5052083333333334e-08, "MKRBTC": 0.00014401041666666655, "RUNEBTC": 9.098958333333313e-07, "FIOBTC": 1.8385416666666664e-08, "AVABTC": 3.846354166666669e-07, "BALBTC": 9.505208333333325e-07, "YFIBTC": 0.0022776041666666665, "JSTBTC": 5.260416666666655e-09, "SRMBTC": 3.0937499999999974e-07, "ANTBTC": 1.8483854166666664e-06, "CRVBTC": 5.771875000000007e-07, "SANDBTC": 7.680208333333336e-07, "OCEANBTC": 7.869791666666666e-08, "NMRBTC": 2.9062500000000046e-06, "DOTBTC": 3.302083333333333e-06, "LUNABTC": 1.077864583333332e-05, "IDEXBTC": 5.3437499999999945e-08, "RSRBTC": 5.989583333333336e-09, "PAXGBTC": 0.00018286458333333316, "WNXMBTC": 1.4432291666666674e-05, "TRBBTC": 2.5416666666666646e-06, "BZRXBTC": 5.973958333333331e-08, "WBTCBTC": 0.00015364583333332045, "SUSHIBTC": 1.4901041666666675e-06, "YFIIBTC": 0.0003546874999999998, "KSMBTC": 2.9234374999999974e-05, "EGLDBTC": 3.3875000000000003e-05, "DIABTC": 1.559374999999999e-07, "UMABTC": 9.187499999999994e-07, "BELBTC": 1.5921874999999975e-07, "WINGBTC": 1.9494791666666663e-06, "UNIBTC": 1.347916666666671e-06, "OXTBTC": 8.999999999999995e-08, "AVAXBTC": 1.4010937499999994e-05, "HNTBTC": 3.5161458333333297e-06, "FLMBTC": 1.8489583333333377e-08, "SCRTBTC": 6.356250000000001e-07, "ORNBTC": 8.901041666666665e-07, "UTKBTC": 8.114583333333336e-08, "XVSBTC": 1.7604166666666677e-06, "ALPHABTC": 4.296875000000006e-08, "VIDTBTC": 9.791666666666665e-08, "AAVEBTC": 1.3651041666666696e-05, "NEARBTC": 1.727083333333333e-06, "FILBTC": 3.125000000000003e-06, "INJBTC": 1.607812499999999e-06, "AERGOBTC": 3.187499999999994e-08, "AUDIOBTC": 1.5515625000000008e-07, "CTKBTC": 2.4864583333333316e-07, "AKROBTC": 4.21875e-09, "AXSBTC": 9.59895833333335e-06, "HARDBTC": 7.567708333333329e-08, "RENBTCBTC": 8.072916666666471e-05, "STRAXBTC": 1.2744791666666663e-07, "FORBTC": 6.874999999999986e-09, "UNFIBTC": 2.6843750000000005e-06, "ROSEBTC": 1.263020833333333e-07, "SKLBTC": 1.874999999999995e-08, "GLMBTC": 6.4375e-08, "GRTBTC": 6.005208333333331e-08, "JUVBTC": 6.192708333333335e-07, "PSGBTC": 1.3651041666666672e-06, "1INCHBTC": 3.702083333333333e-07, "REEFBTC": 5.104166666666672e-09, "OGBTC": 2.640624999999998e-07, "ATMBTC": 6.156250000000001e-07, "ASRBTC": 2.5260416666666697e-07, "CELOBTC": 4.827604166666671e-07, "RIFBTC": 1.583333333333339e-08, "BTCSTBTC": 2.0083333333333316e-06, "TRUBTC": 3.359374999999996e-08, "CKBBTC": 1.1406250000000005e-08, "TWTBTC": 8.031249999999984e-08, "FIROBTC": 5.687500000000004e-07, "LITBTC": 3.664583333333334e-07, "SFPBTC": 3.031249999999999e-07, "FXSBTC": 2.5634895833333326e-06, "DODOBTC": 6.041666666666664e-08, "FRONTBTC": 7.687499999999991e-08, "CAKEBTC": 1.0828124999999994e-06, "ACMBTC": 4.906250000000004e-07, "AUCTIONBTC": 3.4463541666666693e-06, "PHABTC": 4.630208333333329e-08, "TVKBTC": 4.6770833333333404e-08, "BADGERBTC": 2.24166666666667e-06, "FISBTC": 1.960937500000001e-07, "OMBTC": 1.6354166666666677e-08, "PONDBTC": 9.79166666666667e-09, "DEGOBTC": 6.614583333333336e-07, "ALICEBTC": 1.7630208333333386e-06, "LINABTC": 6.614583333333321e-09, "PERPBTC": 7.322916666666663e-07, "RAMPBTC": 1.7552083333333363e-08,